{"charErrorRates": [0.8801320046027921, 0.9449836079810677, 0.8801320046027921, 0.8801320046027921, 0.8496276514904796, 0.8812827026205519, 0.9258993899129377, 0.8635011615536594, 0.8876658199266159, 0.8812827026205519, 0.8927896827981502], "wordAccuracies": [0.0, 0.0, 0.0, 0.0, 0.0, 0.0, 0.0007123521869212138, 0.0, 0.0, 0.0, 0.0]}